<?xml version="1.0" encoding="UTF-8"?>
<project-private xmlns="http://www.netbeans.org/ns/project-private/1">
    <editor-bookmarks xmlns="http://www.netbeans.org/ns/editor-bookmarks/2" lastBookmarkId="0"/>
    <open-files xmlns="http://www.netbeans.org/ns/projectui-open-files/2">
        <group>
            <file>file:/C:/Users/Admin/Documents/NetBeansProjects/LibraryManagement/src/LibraryManagement/LoginAndSignIn.java</file>
            <file>file:/C:/Users/Admin/Documents/NetBeansProjects/LibraryManagement/src/LibraryManagement/Library.java</file>
            <file>file:/C:/Users/Admin/Documents/NetBeansProjects/LibraryManagement/src/LibraryManagement/LibraryManagement.java</file>
            <file>file:/C:/Users/Admin/Documents/NetBeansProjects/LibraryManagement/src/LibraryManagement/JFLogin.java</file>
            <file>file:/C:/Users/Admin/Documents/NetBeansProjects/LibraryManagement/src/LibraryManagement/SignUp.java</file>
            <file>file:/C:/Users/Admin/Documents/NetBeansProjects/LibraryManagement/src/LibraryManagement/SFLibrary.java</file>
        </group>
    </open-files>
</project-private>
