<?xml version="1.0" encoding="UTF-8"?>
<project-private xmlns="http://www.netbeans.org/ns/project-private/1">
    <editor-bookmarks xmlns="http://www.netbeans.org/ns/editor-bookmarks/2" lastBookmarkId="1">
        <file>
            <url>src/Form/EditMemberForm.java</url>
            <bookmark id="1">
                <name/>
                <line>509</line>
                <key/>
            </bookmark>
        </file>
    </editor-bookmarks>
    <open-files xmlns="http://www.netbeans.org/ns/projectui-open-files/2">
        <group>
            <file>file:/C:/Users/Admin/Documents/NetBeansProjects/LibraryManagementbackup/LibraryManagement/src/Form/MemberListForm.java</file>
            <file>file:/C:/Users/Admin/Documents/NetBeansProjects/LibraryManagementbackup/LibraryManagement/src/Form/JFLogin.java</file>
            <file>file:/C:/Users/Admin/Documents/NetBeansProjects/LibraryManagementbackup/LibraryManagement/src/Form/AddBookForm.java</file>
            <file>file:/C:/Users/Admin/Documents/NetBeansProjects/LibraryManagementbackup/LibraryManagement/src/Form/DeleteBook.java</file>
            <file>file:/C:/Users/Admin/Documents/NetBeansProjects/LibraryManagementbackup/LibraryManagement/src/Form/DashboardForm.java</file>
            <file>file:/C:/Users/Admin/Documents/NetBeansProjects/LibraryManagementbackup/LibraryManagement/src/Form/BorrowBookForm.java</file>
            <file>file:/C:/Users/Admin/Documents/NetBeansProjects/LibraryManagementbackup/LibraryManagement/src/Form/BookList.java</file>
        </group>
    </open-files>
</project-private>
